[
  {
    "name": "main",
    "children": [
      {
        "name": ":$ ./t2t _00_ dtree",
        "id": 6
      },
      {
        "name": ":$ ./t2t _00_ cleanup",
        "id": 10
      },
      {
        "name": ":$ ./process_json_jq.bash",
        "id": 14
      },
      {
        "name": "Read Text File",
        "id": 18
      },
      {
        "name": ":$ jq .",
        "id": 22
      },
      {
        "name": ":$ jq 'map(if has(\"cells\") then .cells |= map(.attributes | del(.drawio_id)) else . end)'",
        "id": 26
      },
      {
        "name": ":$ node translate.js",
        "id": 30
      },
      {
        "name": "Transmogrify DT",
        "id": 34
      }
    ],
    "connections": [
      {
        "dir": 0,
        "source_port": "",
        "target_port": "",
        "target": {
          "name": "Read Text File",
          "id": 18
        }
      },
      {
        "dir": 1,
        "source_port": "",
        "target_port": "",
        "source": {
          "name": ":$ ./t2t _00_ dtree",
          "id": 6
        },
        "target": {
          "name": ":$ ./t2t _00_ cleanup",
          "id": 10
        }
      },
      {
        "dir": 1,
        "source_port": "",
        "target_port": "",
        "source": {
          "name": ":$ ./t2t _00_ cleanup",
          "id": 10
        },
        "target": {
          "name": ":$ ./process_json_jq.bash",
          "id": 14
        }
      },
      {
        "dir": 1,
        "source_port": "",
        "target_port": "",
        "source": {
          "name": "Read Text File",
          "id": 18
        },
        "target": {
          "name": ":$ ./t2t _00_ dtree",
          "id": 6
        }
      },
      {
        "dir": 1,
        "source_port": "",
        "target_port": "",
        "source": {
          "name": ":$ ./process_json_jq.bash",
          "id": 14
        },
        "target": {
          "name": ":$ jq .",
          "id": 22
        }
      },
      {
        "dir": 1,
        "source_port": "",
        "target_port": "",
        "source": {
          "name": ":$ jq .",
          "id": 22
        },
        "target": {
          "name": ":$ jq 'map(if has(\"cells\") then .cells |= map(.attributes | del(.drawio_id)) else . end)'",
          "id": 26
        }
      },
      {
        "dir": 1,
        "source_port": "",
        "target_port": "",
        "source": {
          "name": ":$ jq 'map(if has(\"cells\") then .cells |= map(.attributes | del(.drawio_id)) else . end)'",
          "id": 26
        },
        "target": {
          "name": ":$ node translate.js",
          "id": 30
        }
      },
      {
        "dir": 1,
        "source_port": "",
        "target_port": "",
        "source": {
          "name": ":$ node translate.js",
          "id": 30
        },
        "target": {
          "name": "Transmogrify DT",
          "id": 34
        }
      },
      {
        "dir": 2,
        "source_port": "✗",
        "target_port": "✗",
        "source": {
          "name": ":$ ./process_json_jq.bash",
          "id": 14
        }
      },
      {
        "dir": 2,
        "source_port": "✗",
        "target_port": "✗",
        "source": {
          "name": ":$ ./t2t _00_ cleanup",
          "id": 10
        }
      },
      {
        "dir": 2,
        "source_port": "✗",
        "target_port": "✗",
        "source": {
          "name": ":$ ./t2t _00_ dtree",
          "id": 6
        }
      },
      {
        "dir": 2,
        "source_port": "✗",
        "target_port": "✗",
        "source": {
          "name": "Read Text File",
          "id": 18
        }
      },
      {
        "dir": 2,
        "source_port": "✗",
        "target_port": "✗",
        "source": {
          "name": ":$ jq 'map(if has(\"cells\") then .cells |= map(.attributes | del(.drawio_id)) else . end)'",
          "id": 26
        }
      },
      {
        "dir": 2,
        "source_port": "✗",
        "target_port": "✗",
        "source": {
          "name": ":$ jq .",
          "id": 22
        }
      },
      {
        "dir": 2,
        "source_port": "✗",
        "target_port": "✗",
        "source": {
          "name": ":$ node translate.js",
          "id": 30
        }
      },
      {
        "dir": 2,
        "source_port": "✗",
        "target_port": "✗",
        "source": {
          "name": "Transmogrify DT",
          "id": 34
        }
      },
      {
        "dir": 2,
        "source_port": "frish",
        "target_port": "frish",
        "source": {
          "name": "Transmogrify DT",
          "id": 34
        }
      },
      {
        "dir": 2,
        "source_port": "py",
        "target_port": "py",
        "source": {
          "name": "Transmogrify DT",
          "id": 34
        }
      }
    ],
    "file": "dtree-transmogrifier.drawio"
  },
  {
    "name": "Indent",
    "children": [
      {
        "name": ":$ node _00_/tas/indenter.mjs",
        "id": 5
      }
    ],
    "connections": [
      {
        "dir": 0,
        "source_port": "",
        "target_port": "",
        "target": {
          "name": ":$ node _00_/tas/indenter.mjs",
          "id": 5
        }
      },
      {
        "dir": 2,
        "source_port": "✗",
        "target_port": "✗",
        "source": {
          "name": ":$ node _00_/tas/indenter.mjs",
          "id": 5
        }
      },
      {
        "dir": 2,
        "source_port": "",
        "target_port": "",
        "source": {
          "name": ":$ node _00_/tas/indenter.mjs",
          "id": 5
        }
      }
    ],
    "file": "dtree-transmogrifier.drawio"
  },
  {
    "name": "Transmogrify DT",
    "children": [
      {
        "name": ":$ swipl tree_walk.pl",
        "id": 6
      },
      {
        "name": ":$ ./t2t2 _00_ dt dtfrish",
        "id": 10
      },
      {
        "name": ":$ ./t2t2 _00_ dt dtpython",
        "id": 14
      },
      {
        "name": "Indent",
        "id": 18
      },
      {
        "name": "Indent",
        "id": 22
      }
    ],
    "connections": [
      {
        "dir": 0,
        "source_port": "",
        "target_port": "",
        "target": {
          "name": ":$ swipl tree_walk.pl",
          "id": 6
        }
      },
      {
        "dir": 1,
        "source_port": "",
        "target_port": "",
        "source": {
          "name": ":$ swipl tree_walk.pl",
          "id": 6
        },
        "target": {
          "name": ":$ ./t2t2 _00_ dt dtfrish",
          "id": 10
        }
      },
      {
        "dir": 1,
        "source_port": "",
        "target_port": "",
        "source": {
          "name": ":$ swipl tree_walk.pl",
          "id": 6
        },
        "target": {
          "name": ":$ ./t2t2 _00_ dt dtpython",
          "id": 14
        }
      },
      {
        "dir": 1,
        "source_port": "",
        "target_port": "",
        "source": {
          "name": ":$ ./t2t2 _00_ dt dtfrish",
          "id": 10
        },
        "target": {
          "name": "Indent",
          "id": 18
        }
      },
      {
        "dir": 1,
        "source_port": "",
        "target_port": "",
        "source": {
          "name": ":$ ./t2t2 _00_ dt dtpython",
          "id": 14
        },
        "target": {
          "name": "Indent",
          "id": 22
        }
      },
      {
        "dir": 2,
        "source_port": "",
        "target_port": "frish",
        "source": {
          "name": "Indent",
          "id": 18
        }
      },
      {
        "dir": 2,
        "source_port": "",
        "target_port": "py",
        "source": {
          "name": "Indent",
          "id": 22
        }
      },
      {
        "dir": 2,
        "source_port": "✗",
        "target_port": "✗",
        "source": {
          "name": ":$ ./t2t2 _00_ dt dtfrish",
          "id": 10
        }
      },
      {
        "dir": 2,
        "source_port": "✗",
        "target_port": "✗",
        "source": {
          "name": ":$ ./t2t2 _00_ dt dtpython",
          "id": 14
        }
      },
      {
        "dir": 2,
        "source_port": "✗",
        "target_port": "✗",
        "source": {
          "name": "Indent",
          "id": 18
        }
      },
      {
        "dir": 2,
        "source_port": "✗",
        "target_port": "✗",
        "source": {
          "name": "Indent",
          "id": 22
        }
      },
      {
        "dir": 2,
        "source_port": "✗",
        "target_port": "✗",
        "source": {
          "name": ":$ swipl tree_walk.pl",
          "id": 6
        }
      }
    ],
    "file": "dtree-transmogrifier.drawio"
  }
]